geo,time,name,si_pov_gini
ago,2000,Angola,51.9
ago,2008,Angola,42.7
ago,2018,Angola,51.3
alb,1996,Albania,27
alb,2002,Albania,31.7
alb,2005,Albania,30.6
alb,2008,Albania,30
alb,2012,Albania,29
alb,2014,Albania,34.6
alb,2015,Albania,32.8
alb,2016,Albania,33.7
alb,2017,Albania,33.1
alb,2018,Albania,30.1
alb,2019,Albania,30.1
alb,2020,Albania,29.4
are,2013,UAE,32.5
are,2018,UAE,26.4
arg,1980,Argentina,40.8
arg,1986,Argentina,42.8
arg,1987,Argentina,45.3
arg,1991,Argentina,46.8
arg,1992,Argentina,45.5
arg,1993,Argentina,44.8
arg,1994,Argentina,45.9
arg,1995,Argentina,48.9
arg,1996,Argentina,49.5
arg,1997,Argentina,49.1
arg,1998,Argentina,50.7
arg,1999,Argentina,49.8
arg,2000,Argentina,51
arg,2001,Argentina,53.3
arg,2002,Argentina,53.8
arg,2003,Argentina,51
arg,2004,Argentina,48.5
arg,2005,Argentina,47.8
arg,2006,Argentina,46.4
arg,2007,Argentina,46.3
arg,2008,Argentina,45
arg,2009,Argentina,43.8
arg,2010,Argentina,43.7
arg,2011,Argentina,42.7
arg,2012,Argentina,41.4
arg,2013,Argentina,41.1
arg,2014,Argentina,41.8
arg,2016,Argentina,42.3
arg,2017,Argentina,41.4
arg,2018,Argentina,41.7
arg,2019,Argentina,43.3
arg,2020,Argentina,42.7
arg,2021,Argentina,42.4
arg,2022,Argentina,40.7
arg,2023,Argentina,42.4
arg,2024,Argentina,42.4
arm,1996,Armenia,44.4
arm,1999,Armenia,36.2
arm,2001,Armenia,35.4
arm,2002,Armenia,34.8
arm,2003,Armenia,33
arm,2004,Armenia,37.5
arm,2005,Armenia,36
arm,2006,Armenia,29.7
arm,2007,Armenia,31.2
arm,2008,Armenia,29.2
arm,2009,Armenia,28
arm,2010,Armenia,30
arm,2011,Armenia,29.4
arm,2012,Armenia,29.6
arm,2013,Armenia,30.6
arm,2014,Armenia,31.5
arm,2015,Armenia,32.4
arm,2016,Armenia,32.5
arm,2017,Armenia,33.6
arm,2018,Armenia,34.4
arm,2019,Armenia,30
arm,2020,Armenia,25.1
arm,2021,Armenia,27.9
arm,2022,Armenia,27.9
arm,2023,Armenia,27.2
arm,2024,Armenia,27.4
aus,1981,Australia,31.3
aus,1985,Australia,32.5
aus,1989,Australia,33.2
aus,1995,Australia,32.6
aus,2001,Australia,33.5
aus,2003,Australia,33.5
aus,2004,Australia,33.1
aus,2008,Australia,35.4
aus,2010,Australia,34.7
aus,2014,Australia,34.4
aus,2016,Australia,33.7
aus,2018,Australia,34.3
aus,2020,Australia,33.8
aut,1994,Austria,30.8
aut,1995,Austria,29.9
aut,1996,Austria,29.3
aut,1997,Austria,29.1
aut,1998,Austria,31.3
aut,1999,Austria,29.7
aut,2000,Austria,29
aut,2003,Austria,29.5
aut,2004,Austria,29.8
aut,2005,Austria,28.7
aut,2006,Austria,29.6
aut,2007,Austria,30.6
aut,2008,Austria,30.4
aut,2009,Austria,31.5
aut,2010,Austria,30.3
aut,2011,Austria,30.8
aut,2012,Austria,30.5
aut,2013,Austria,30.8
aut,2014,Austria,30.5
aut,2015,Austria,30.5
aut,2016,Austria,30.8
aut,2017,Austria,29.7
aut,2018,Austria,30.8
aut,2019,Austria,30.2
aut,2020,Austria,29.8
aut,2021,Austria,30.7
aut,2022,Austria,30.9
aut,2023,Austria,31.2
aze,1995,Azerbaijan,34.6
aze,2001,Azerbaijan,36.5
aze,2002,Azerbaijan,25.3
aze,2003,Azerbaijan,26.8
aze,2004,Azerbaijan,26.6
aze,2005,Azerbaijan,26.6
bdi,1992,Burundi,33.3
bdi,1998,Burundi,42.1
bdi,2006,Burundi,33.4
bdi,2013,Burundi,38.6
bdi,2020,Burundi,37.5
bel,1985,Belgium,25.2
bel,1988,Belgium,25.7
bel,1992,Belgium,24.9
bel,1995,Belgium,28.4
bel,1997,Belgium,26.8
bel,2000,Belgium,33.1
bel,2003,Belgium,28.1
bel,2004,Belgium,30.5
bel,2005,Belgium,29.3
bel,2006,Belgium,28.1
bel,2007,Belgium,29.2
bel,2008,Belgium,28.4
bel,2009,Belgium,28.6
bel,2010,Belgium,28.4
bel,2011,Belgium,28.1
bel,2012,Belgium,27.5
bel,2013,Belgium,27.7
bel,2014,Belgium,28.1
bel,2015,Belgium,27.7
bel,2016,Belgium,27.6
bel,2017,Belgium,27.4
bel,2018,Belgium,27.2
bel,2019,Belgium,27.2
bel,2020,Belgium,26
bel,2021,Belgium,26.6
bel,2022,Belgium,26.4
bel,2023,Belgium,26.8
ben,2003,Benin,38.6
ben,2011,Benin,43.4
ben,2015,Benin,47.6
ben,2018,Benin,37.9
ben,2021,Benin,34.4
bfa,1994,Burkina Faso,48
bfa,1998,Burkina Faso,49.9
bfa,2003,Burkina Faso,43.3
bfa,2009,Burkina Faso,39.8
bfa,2014,Burkina Faso,35.3
bfa,2018,Burkina Faso,43
bfa,2021,Burkina Faso,37.4
bgd,1983,Bangladesh,25.9
bgd,1985,Bangladesh,26.9
bgd,1988,Bangladesh,28.8
bgd,1991,Bangladesh,27.6
bgd,1995,Bangladesh,32.9
bgd,2000,Bangladesh,33.4
bgd,2005,Bangladesh,33.2
bgd,2010,Bangladesh,32.1
bgd,2016,Bangladesh,32.4
bgd,2022,Bangladesh,30.9
bgr,1989,Bulgaria,23.4
bgr,1992,Bulgaria,30.7
bgr,1994,Bulgaria,24.3
bgr,1995,Bulgaria,32.8
bgr,1997,Bulgaria,26.4
bgr,2001,Bulgaria,32.7
bgr,2003,Bulgaria,28.9
bgr,2006,Bulgaria,35.7
bgr,2007,Bulgaria,36.1
bgr,2008,Bulgaria,33.6
bgr,2009,Bulgaria,33.8
bgr,2010,Bulgaria,35.7
bgr,2011,Bulgaria,34.3
bgr,2012,Bulgaria,36
bgr,2013,Bulgaria,36.6
bgr,2014,Bulgaria,37.4
bgr,2015,Bulgaria,38.6
bgr,2016,Bulgaria,40.6
bgr,2017,Bulgaria,40.4
bgr,2018,Bulgaria,41.3
bgr,2019,Bulgaria,40.3
bgr,2020,Bulgaria,40.5
bgr,2021,Bulgaria,39
bgr,2022,Bulgaria,38.2
bgr,2023,Bulgaria,39.5
bih,2001,Bosnia and Herzegovina,30
bih,2004,Bosnia and Herzegovina,34
bih,2007,Bosnia and Herzegovina,34.3
bih,2011,Bosnia and Herzegovina,33.3
bih,2015,Bosnia and Herzegovina,32.9
bih,2021,Bosnia and Herzegovina,30.3
blr,1993,Belarus,21.6
blr,1995,Belarus,28.7
blr,1998,Belarus,32
blr,1999,Belarus,31.7
blr,2000,Belarus,31.2
blr,2001,Belarus,30.6
blr,2002,Belarus,30.3
blr,2003,Belarus,28.8
blr,2004,Belarus,26.5
blr,2005,Belarus,27.6
blr,2006,Belarus,28.3
blr,2007,Belarus,29.6
blr,2008,Belarus,27.8
blr,2009,Belarus,27.7
blr,2010,Belarus,28.6
blr,2011,Belarus,27.2
blr,2012,Belarus,26.5
blr,2013,Belarus,26.6
blr,2014,Belarus,27.2
blr,2015,Belarus,25.6
blr,2016,Belarus,25.3
blr,2017,Belarus,25.4
blr,2018,Belarus,25.2
blr,2019,Belarus,25.3
blr,2020,Belarus,24.4
blz,1993,Belize,60.2
blz,1994,Belize,60.9
blz,1995,Belize,57.5
blz,1996,Belize,56.6
blz,1997,Belize,60.4
blz,1998,Belize,54.9
blz,1999,Belize,53.2
blz,2018,Belize,39.9
bol,1990,Bolivia,42
bol,1992,Bolivia,49.1
bol,1997,Bolivia,58.1
bol,1999,Bolivia,58
bol,2000,Bolivia,61.6
bol,2001,Bolivia,57.4
bol,2002,Bolivia,59.3
bol,2004,Bolivia,55
bol,2005,Bolivia,58.5
bol,2006,Bolivia,56.7
bol,2007,Bolivia,54.5
bol,2008,Bolivia,50.8
bol,2009,Bolivia,49.2
bol,2011,Bolivia,46.1
bol,2012,Bolivia,46.6
bol,2013,Bolivia,47.6
bol,2014,Bolivia,47.8
bol,2015,Bolivia,46.7
bol,2016,Bolivia,45.2
bol,2017,Bolivia,44.6
bol,2018,Bolivia,42.6
bol,2019,Bolivia,41.6
bol,2020,Bolivia,43.6
bol,2021,Bolivia,40.9
bol,2022,Bolivia,41.2
bol,2023,Bolivia,42.1
bol,2024,Bolivia,40.9
bra,1981,Brazil,57.9
bra,1982,Brazil,58.4
bra,1983,Brazil,58.9
bra,1984,Brazil,58.3
bra,1985,Brazil,55.5
bra,1986,Brazil,58.4
bra,1987,Brazil,59.6
bra,1988,Brazil,61.4
bra,1989,Brazil,63.2
bra,1990,Brazil,60.5
bra,1992,Brazil,53.1
bra,1993,Brazil,60.1
bra,1995,Brazil,59.5
bra,1996,Brazil,59.8
bra,1997,Brazil,59.8
bra,1998,Brazil,59.6
bra,1999,Brazil,59
bra,2001,Brazil,58.4
bra,2002,Brazil,58.1
bra,2003,Brazil,57.6
bra,2004,Brazil,56.5
bra,2005,Brazil,56.3
bra,2006,Brazil,55.6
bra,2007,Brazil,54.9
bra,2008,Brazil,54
bra,2009,Brazil,53.7
bra,2011,Brazil,52.9
bra,2012,Brazil,53.4
bra,2013,Brazil,52.7
bra,2014,Brazil,52.1
bra,2015,Brazil,51.9
bra,2016,Brazil,53.4
bra,2017,Brazil,53.3
bra,2018,Brazil,53.9
bra,2019,Brazil,53.5
bra,2020,Brazil,48.8
bra,2021,Brazil,52.9
bra,2022,Brazil,51.9
bra,2023,Brazil,51.5
bra,2024,Brazil,50.3
brb,2016,Barbados,34.1
btn,2003,Bhutan,40.9
btn,2007,Bhutan,38.1
btn,2012,Bhutan,38.8
btn,2017,Bhutan,37.4
btn,2022,Bhutan,28.5
bwa,1985,Botswana,54.2
bwa,1993,Botswana,60.1
bwa,2002,Botswana,61.5
bwa,2009,Botswana,56.9
bwa,2015,Botswana,54.9
caf,1992,Central African Republic,59.7
caf,2008,Central African Republic,56.2
caf,2021,Central African Republic,43
can,1971,Canada,37.2
can,1973,Canada,34.9
can,1975,Canada,34.1
can,1977,Canada,33.7
can,1979,Canada,33.5
can,1981,Canada,33
can,1982,Canada,32.9
can,1984,Canada,33.5
can,1985,Canada,33.2
can,1986,Canada,31.7
can,1987,Canada,31.7
can,1988,Canada,31.2
can,1989,Canada,31
can,1990,Canada,31.4
can,1991,Canada,31.9
can,1992,Canada,31.6
can,1993,Canada,31.7
can,1994,Canada,31.3
can,1995,Canada,31.5
can,1996,Canada,32.8
can,1997,Canada,33.1
can,1998,Canada,33.2
can,1999,Canada,33.1
can,2000,Canada,33.4
can,2001,Canada,33.6
can,2002,Canada,33.6
can,2003,Canada,33.8
can,2004,Canada,33.8
can,2005,Canada,33.6
can,2006,Canada,34.1
can,2007,Canada,33.8
can,2008,Canada,33.9
can,2009,Canada,34
can,2010,Canada,33.6
can,2011,Canada,32.7
can,2012,Canada,33.5
can,2013,Canada,33.8
can,2014,Canada,33.2
can,2015,Canada,33.7
can,2016,Canada,32.7
can,2017,Canada,33.3
can,2018,Canada,32.5
can,2019,Canada,31.8
can,2020,Canada,29.9
can,2021,Canada,31.1
can,2022,Canada,31.5
che,1982,Switzerland,36
che,1992,Switzerland,33.9
che,2000,Switzerland,33.4
che,2002,Switzerland,31.7
che,2004,Switzerland,31.6
che,2006,Switzerland,33.9
che,2007,Switzerland,34.3
che,2008,Switzerland,33.8
che,2009,Switzerland,32.9
che,2010,Switzerland,32.6
che,2011,Switzerland,31.7
che,2012,Switzerland,31.6
che,2013,Switzerland,32.5
che,2014,Switzerland,32.5
che,2015,Switzerland,32.3
che,2016,Switzerland,33
che,2017,Switzerland,32.7
che,2018,Switzerland,33.1
che,2019,Switzerland,34
che,2020,Switzerland,33.7
che,2021,Switzerland,33.8
che,2022,Switzerland,33.8
chl,1987,Chile,56.2
chl,1990,Chile,57.2
chl,1992,Chile,54.8
chl,1994,Chile,56.4
chl,1996,Chile,54.9
chl,1998,Chile,55.5
chl,2000,Chile,52.8
chl,2003,Chile,51.5
chl,2006,Chile,47.7
chl,2009,Chile,47.4
chl,2011,Chile,46.9
chl,2013,Chile,46.8
chl,2015,Chile,45.3
chl,2017,Chile,45.3
chl,2020,Chile,47
chl,2022,Chile,43.2
chl,2024,Chile,43
chn,1981,China,28.2
chn,1984,China,27.1
chn,1987,China,29.4
chn,1990,China,32.2
chn,1993,China,33.9
chn,1996,China,35.2
chn,1999,China,38.7
chn,2002,China,42
chn,2005,China,40.9
chn,2008,China,43
chn,2010,China,43.7
chn,2011,China,42.4
chn,2012,China,42.2
chn,2013,China,39.7
chn,2014,China,39.2
chn,2015,China,38.6
chn,2016,China,38.5
chn,2017,China,39.1
chn,2018,China,38.5
chn,2019,China,38.2
chn,2020,China,37.1
chn,2021,China,35.7
chn,2022,China,36
civ,1985,Cote d'Ivoire,45.5
civ,1986,Cote d'Ivoire,38
civ,1987,Cote d'Ivoire,40.5
civ,1988,Cote d'Ivoire,36.9
civ,1992,Cote d'Ivoire,39.4
civ,1995,Cote d'Ivoire,40.6
civ,1998,Cote d'Ivoire,39
civ,2002,Cote d'Ivoire,41.3
civ,2008,Cote d'Ivoire,43.2
civ,2015,Cote d'Ivoire,41.5
civ,2018,Cote d'Ivoire,37.2
civ,2021,Cote d'Ivoire,35.3
cmr,1996,Cameroon,44.4
cmr,2001,Cameroon,42.1
cmr,2007,Cameroon,42.8
cmr,2014,Cameroon,46.6
cmr,2021,Cameroon,42.2
cod,2004,"Congo, Dem. Rep.",41.6
cod,2012,"Congo, Dem. Rep.",42.1
cod,2020,"Congo, Dem. Rep.",44.7
cog,2005,"Congo, Rep.",47.3
cog,2011,"Congo, Rep.",48.9
col,1980,Colombia,55.1
col,1988,Colombia,53.1
col,1989,Colombia,52.8
col,1991,Colombia,51.3
col,1992,Colombia,51.3
col,1996,Colombia,56.8
col,1999,Colombia,58.5
col,2000,Colombia,58.4
col,2001,Colombia,57.3
col,2002,Colombia,56
col,2003,Colombia,53.6
col,2004,Colombia,55
col,2005,Colombia,53.9
col,2008,Colombia,55
col,2009,Colombia,54.1
col,2010,Colombia,54.4
col,2011,Colombia,53.3
col,2012,Colombia,53.6
col,2013,Colombia,53.5
col,2014,Colombia,53.6
col,2015,Colombia,52
col,2016,Colombia,51.7
col,2017,Colombia,50.9
col,2018,Colombia,51.6
col,2019,Colombia,52.5
col,2020,Colombia,54.4
col,2021,Colombia,55.1
col,2022,Colombia,54.8
col,2023,Colombia,54.6
col,2024,Colombia,54.4
com,2004,Comoros,55.9
com,2014,Comoros,45.3
com,2020,Comoros,34.2
com,2024,Comoros,30.3
cpv,2001,Cape Verde,52.5
cpv,2007,Cape Verde,47.2
cpv,2015,Cape Verde,42.4
cri,1981,Costa Rica,47.5
cri,1986,Costa Rica,34.4
cri,1989,Costa Rica,45.5
cri,1990,Costa Rica,45.2
cri,1991,Costa Rica,46.6
cri,1992,Costa Rica,45.6
cri,1993,Costa Rica,45.9
cri,1994,Costa Rica,46.7
cri,1995,Costa Rica,45.7
cri,1996,Costa Rica,46.5
cri,1997,Costa Rica,45.6
cri,1998,Costa Rica,45.6
cri,1999,Costa Rica,47.6
cri,2000,Costa Rica,47.4
cri,2001,Costa Rica,51.5
cri,2002,Costa Rica,51.8
cri,2003,Costa Rica,49.3
cri,2004,Costa Rica,48.4
cri,2005,Costa Rica,47.5
cri,2006,Costa Rica,49.3
cri,2007,Costa Rica,49.3
cri,2008,Costa Rica,48.6
cri,2009,Costa Rica,50.6
cri,2010,Costa Rica,48
cri,2011,Costa Rica,48.8
cri,2012,Costa Rica,48.4
cri,2013,Costa Rica,49.2
cri,2014,Costa Rica,48.6
cri,2015,Costa Rica,48.4
cri,2016,Costa Rica,48.7
cri,2017,Costa Rica,48.3
cri,2018,Costa Rica,48
cri,2019,Costa Rica,48.2
cri,2020,Costa Rica,49.2
cri,2021,Costa Rica,48.7
cri,2022,Costa Rica,47.2
cri,2023,Costa Rica,46.7
cri,2024,Costa Rica,45.8
cri,2025,Costa Rica,45.5
cyp,2004,Cyprus,30.1
cyp,2005,Cyprus,30.3
cyp,2006,Cyprus,31.1
cyp,2007,Cyprus,31.1
cyp,2008,Cyprus,31.7
cyp,2009,Cyprus,32.1
cyp,2010,Cyprus,31.5
cyp,2011,Cyprus,32.6
cyp,2012,Cyprus,34.3
cyp,2013,Cyprus,37
cyp,2014,Cyprus,35.6
cyp,2015,Cyprus,34
cyp,2016,Cyprus,32.9
cyp,2017,Cyprus,31.4
cyp,2018,Cyprus,32.7
cyp,2019,Cyprus,31.2
cyp,2020,Cyprus,31.7
cyp,2021,Cyprus,31.3
cyp,2022,Cyprus,31.5
cyp,2023,Cyprus,31.8
cze,1992,Czech Republic,20.7
cze,1993,Czech Republic,26.6
cze,1996,Czech Republic,25.8
cze,2002,Czech Republic,26.6
cze,2004,Czech Republic,27.5
cze,2005,Czech Republic,26.9
cze,2006,Czech Republic,26.7
cze,2007,Czech Republic,26
cze,2008,Czech Republic,26.3
cze,2009,Czech Republic,26.2
cze,2010,Czech Republic,26.6
cze,2011,Czech Republic,26.4
cze,2012,Czech Republic,26.1
cze,2013,Czech Republic,26.5
cze,2014,Czech Republic,25.9
cze,2015,Czech Republic,25.9
cze,2016,Czech Republic,25.4
cze,2017,Czech Republic,24.9
cze,2018,Czech Republic,25
cze,2019,Czech Republic,25.3
cze,2020,Czech Republic,26.2
cze,2021,Czech Republic,26.2
cze,2022,Czech Republic,25.9
cze,2023,Czech Republic,25.7
deu,1991,Germany,29.3
deu,1992,Germany,29
deu,1993,Germany,28.4
deu,1994,Germany,29.1
deu,1995,Germany,28.7
deu,1996,Germany,28.3
deu,1997,Germany,28.2
deu,1998,Germany,28.1
deu,1999,Germany,29
deu,2000,Germany,28.7
deu,2001,Germany,29.9
deu,2002,Germany,29.9
deu,2003,Germany,29.9
deu,2004,Germany,30.1
deu,2005,Germany,31.6
deu,2006,Germany,31
deu,2007,Germany,31.2
deu,2008,Germany,30.6
deu,2009,Germany,30.4
deu,2010,Germany,30.2
deu,2011,Germany,30.4
deu,2012,Germany,30.9
deu,2013,Germany,31.4
deu,2014,Germany,30.8
deu,2015,Germany,31.4
deu,2016,Germany,31.3
deu,2017,Germany,31.3
deu,2018,Germany,31.9
deu,2019,Germany,32.2
deu,2020,Germany,32.5
deu,2021,Germany,33.6
deu,2022,Germany,33.7
dji,2002,Djibouti,40
dji,2012,Djibouti,45.1
dji,2013,Djibouti,44.1
dji,2017,Djibouti,41.6
dnk,1987,Denmark,26.2
dnk,1992,Denmark,24.7
dnk,1995,Denmark,23
dnk,2000,Denmark,23.8
dnk,2003,Denmark,25.6
dnk,2004,Denmark,24.9
dnk,2005,Denmark,25.2
dnk,2006,Denmark,25.9
dnk,2007,Denmark,26.2
dnk,2008,Denmark,25.2
dnk,2009,Denmark,26.7
dnk,2010,Denmark,27.2
dnk,2011,Denmark,27.3
dnk,2012,Denmark,27.8
dnk,2013,Denmark,28.5
dnk,2014,Denmark,28.4
dnk,2015,Denmark,28.2
dnk,2016,Denmark,28.2
dnk,2017,Denmark,28.7
dnk,2018,Denmark,28.2
dnk,2019,Denmark,27.7
dnk,2020,Denmark,27.5
dnk,2021,Denmark,28.3
dnk,2022,Denmark,29.3
dnk,2023,Denmark,29.9
dom,1986,Dominican Republic,47.8
dom,1989,Dominican Republic,50.4
dom,1992,Dominican Republic,51.1
dom,1996,Dominican Republic,47.4
dom,1997,Dominican Republic,48.9
dom,2000,Dominican Republic,51.5
dom,2001,Dominican Republic,50
dom,2002,Dominican Republic,49.7
dom,2003,Dominican Republic,52.1
dom,2004,Dominican Republic,52.1
dom,2005,Dominican Republic,50
dom,2006,Dominican Republic,52
dom,2007,Dominican Republic,48.9
dom,2008,Dominican Republic,48.1
dom,2009,Dominican Republic,48.9
dom,2010,Dominican Republic,47.3
dom,2011,Dominican Republic,47.7
dom,2012,Dominican Republic,46.1
dom,2013,Dominican Republic,47.7
dom,2014,Dominican Republic,44.3
dom,2015,Dominican Republic,45.2
dom,2016,Dominican Republic,45.7
dom,2017,Dominican Republic,42.2
dom,2018,Dominican Republic,43.7
dom,2019,Dominican Republic,41.9
dom,2020,Dominican Republic,39.6
dom,2021,Dominican Republic,38.5
dom,2022,Dominican Republic,37
dom,2023,Dominican Republic,38.4
dom,2024,Dominican Republic,39
dza,1988,Algeria,37.4
dza,1995,Algeria,35.3
dza,2011,Algeria,27.6
ecu,1987,Ecuador,50.5
ecu,1994,Ecuador,53.3
ecu,1995,Ecuador,50.8
ecu,1998,Ecuador,49.6
ecu,1999,Ecuador,58.6
ecu,2000,Ecuador,56.3
ecu,2003,Ecuador,53.5
ecu,2004,Ecuador,53.9
ecu,2005,Ecuador,53.1
ecu,2006,Ecuador,52.3
ecu,2007,Ecuador,53.4
ecu,2008,Ecuador,49.8
ecu,2009,Ecuador,48.5
ecu,2010,Ecuador,48.8
ecu,2011,Ecuador,45.9
ecu,2012,Ecuador,46.1
ecu,2013,Ecuador,46.9
ecu,2014,Ecuador,45
ecu,2015,Ecuador,46
ecu,2016,Ecuador,45
ecu,2017,Ecuador,44.7
ecu,2018,Ecuador,45.4
ecu,2019,Ecuador,45.7
ecu,2020,Ecuador,47.3
ecu,2021,Ecuador,45.8
ecu,2022,Ecuador,45.5
ecu,2023,Ecuador,44.6
ecu,2024,Ecuador,45.2
ecu,2025,Ecuador,45.9
egy,1990,Egypt,32
egy,1995,Egypt,30.1
egy,1999,Egypt,30.8
egy,2004,Egypt,31.8
egy,2008,Egypt,31.1
egy,2010,Egypt,30.2
egy,2012,Egypt,28.3
egy,2015,Egypt,31.8
egy,2017,Egypt,31.5
egy,2019,Egypt,31.9
egy,2021,Egypt,28.5
esp,1980,Spain,34.5
esp,1985,Spain,34.4
esp,1990,Spain,32
esp,1993,Spain,35.7
esp,1994,Spain,35.1
esp,1995,Spain,35.7
esp,1996,Spain,36.5
esp,1997,Spain,35.3
esp,1998,Spain,34.6
esp,1999,Spain,33.8
esp,2000,Spain,34.1
esp,2003,Spain,31.8
esp,2004,Spain,33.3
esp,2005,Spain,32.4
esp,2006,Spain,33.5
esp,2007,Spain,34.1
esp,2008,Spain,34.2
esp,2009,Spain,34.9
esp,2010,Spain,35.2
esp,2011,Spain,35.7
esp,2012,Spain,35.4
esp,2013,Spain,36.2
esp,2014,Spain,36.1
esp,2015,Spain,36.2
esp,2016,Spain,35.8
esp,2017,Spain,34.7
esp,2018,Spain,34.7
esp,2019,Spain,34.3
esp,2020,Spain,34.9
esp,2021,Spain,33.9
esp,2022,Spain,33.6
esp,2023,Spain,33.4
est,1993,Estonia,39.4
est,1995,Estonia,30.1
est,1998,Estonia,37.6
est,2000,Estonia,35.8
est,2001,Estonia,36
est,2002,Estonia,35.8
est,2003,Estonia,37.2
est,2004,Estonia,33.6
est,2005,Estonia,33.4
est,2006,Estonia,33.7
est,2007,Estonia,31.2
est,2008,Estonia,31.9
est,2009,Estonia,31.4
est,2010,Estonia,32
est,2011,Estonia,32.5
est,2012,Estonia,32.9
est,2013,Estonia,35.1
est,2014,Estonia,34.6
est,2015,Estonia,32.7
est,2016,Estonia,31.2
est,2017,Estonia,30.4
est,2018,Estonia,30.3
est,2019,Estonia,30.8
est,2020,Estonia,30.7
est,2021,Estonia,31.8
est,2022,Estonia,32.3
est,2023,Estonia,30.7
eth,1995,Ethiopia,44.6
eth,1999,Ethiopia,30
eth,2004,Ethiopia,29.8
eth,2010,Ethiopia,33.2
eth,2015,Ethiopia,35
eth,2021,Ethiopia,31.1
fin,1987,Finland,22.2
fin,1991,Finland,22.9
fin,1995,Finland,23.5
fin,2000,Finland,27.2
fin,2003,Finland,27.7
fin,2004,Finland,27.9
fin,2005,Finland,27.6
fin,2006,Finland,28
fin,2007,Finland,28.3
fin,2008,Finland,27.8
fin,2009,Finland,27.5
fin,2010,Finland,27.7
fin,2011,Finland,27.6
fin,2012,Finland,27.1
fin,2013,Finland,27.2
fin,2014,Finland,26.8
fin,2015,Finland,27.1
fin,2016,Finland,27.1
fin,2017,Finland,27.4
fin,2018,Finland,27.3
fin,2019,Finland,27.7
fin,2020,Finland,27.1
fin,2021,Finland,27.7
fin,2022,Finland,27.9
fin,2023,Finland,27.4
fji,2002,Fiji,38.1
fji,2008,Fiji,40.4
fji,2013,Fiji,36.7
fji,2019,Fiji,30.7
fra,1970,France,37.1
fra,1975,France,35.9
fra,1979,France,34
fra,1984,France,33.4
fra,1990,France,32.1
fra,1996,France,32
fra,1997,France,31.9
fra,1998,France,31.7
fra,1999,France,32.5
fra,2000,France,32.6
fra,2001,France,32.5
fra,2002,France,31.8
fra,2003,France,31.4
fra,2004,France,30.6
fra,2005,France,29.8
fra,2006,France,29.7
fra,2007,France,32.4
fra,2008,France,33
fra,2009,France,32.7
fra,2010,France,33.7
fra,2011,France,33.3
fra,2012,France,33.1
fra,2013,France,32.5
fra,2014,France,32.3
fra,2015,France,32.7
fra,2016,France,31.9
fra,2017,France,31.6
fra,2018,France,32.4
fra,2019,France,31.2
fra,2020,France,30.7
fra,2021,France,31.5
fra,2022,France,31.2
fra,2023,France,31.8
fsm,2005,"Micronesia, Fed. Sts.",42.4
fsm,2013,"Micronesia, Fed. Sts.",40.1
gab,2005,Gabon,42.2
gab,2017,Gabon,38
gbr,1968,UK,26.8
gbr,1969,UK,27.9
gbr,1970,UK,28
gbr,1971,UK,29.3
gbr,1972,UK,28.8
gbr,1973,UK,28.8
gbr,1974,UK,29
gbr,1975,UK,27.9
gbr,1976,UK,27.6
gbr,1977,UK,27.1
gbr,1978,UK,27.2
gbr,1979,UK,27.4
gbr,1980,UK,28.5
gbr,1981,UK,29.7
gbr,1982,UK,29.9
gbr,1983,UK,29.8
gbr,1984,UK,29.2
gbr,1985,UK,30.4
gbr,1986,UK,31.9
gbr,1987,UK,33.9
gbr,1988,UK,34.3
gbr,1989,UK,33.4
gbr,1990,UK,35.7
gbr,1991,UK,35
gbr,1992,UK,35
gbr,1993,UK,35.1
gbr,1994,UK,36
gbr,1995,UK,35.5
gbr,1996,UK,35.3
gbr,1997,UK,35.7
gbr,1998,UK,36.6
gbr,1999,UK,36.8
gbr,2000,UK,38.9
gbr,2001,UK,37.1
gbr,2002,UK,35.1
gbr,2003,UK,34.9
gbr,2004,UK,34.8
gbr,2005,UK,35.5
gbr,2006,UK,35.9
gbr,2007,UK,34.4
gbr,2008,UK,35.4
gbr,2009,UK,35.1
gbr,2010,UK,33.7
gbr,2011,UK,33.2
gbr,2012,UK,33.1
gbr,2013,UK,32.7
gbr,2014,UK,33.1
gbr,2015,UK,33.3
gbr,2016,UK,33.1
gbr,2017,UK,32.6
gbr,2018,UK,33.7
gbr,2019,UK,32.8
gbr,2020,UK,32.7
gbr,2021,UK,32.4
geo,1996,Georgia,37.1
geo,1997,Georgia,40.7
geo,1998,Georgia,41.2
geo,1999,Georgia,40.1
geo,2000,Georgia,40.5
geo,2001,Georgia,39.6
geo,2002,Georgia,37.2
geo,2003,Georgia,36.6
geo,2004,Georgia,36.2
geo,2005,Georgia,37.4
geo,2006,Georgia,36.9
geo,2007,Georgia,38.1
geo,2008,Georgia,38.5
geo,2009,Georgia,38.2
geo,2010,Georgia,39.5
geo,2011,Georgia,39.6
geo,2012,Georgia,39
geo,2013,Georgia,38.6
geo,2014,Georgia,37.6
geo,2015,Georgia,36.5
geo,2016,Georgia,36.6
geo,2017,Georgia,37.9
geo,2018,Georgia,36.4
geo,2019,Georgia,35.9
geo,2020,Georgia,34.5
geo,2021,Georgia,34.2
geo,2022,Georgia,33.5
geo,2023,Georgia,34.8
geo,2024,Georgia,33.9
gha,1987,Ghana,35.3
gha,1988,Ghana,36
gha,1991,Ghana,38.4
gha,1998,Ghana,40.1
gha,2005,Ghana,42.8
gha,2012,Ghana,42.4
gha,2016,Ghana,43.5
gin,1991,Guinea,45.6
gin,1994,Guinea,46.1
gin,2002,Guinea,43
gin,2007,Guinea,39.4
gin,2012,Guinea,33.7
gin,2018,Guinea,29.6
gmb,1998,Gambia,48.3
gmb,2003,Gambia,47.3
gmb,2010,Gambia,43.6
gmb,2015,Gambia,35.9
gmb,2020,Gambia,38.8
gnb,1991,Guinea-Bissau,55.8
gnb,1993,Guinea-Bissau,43.6
gnb,2002,Guinea-Bissau,35.6
gnb,2010,Guinea-Bissau,50.6
gnb,2018,Guinea-Bissau,34.8
gnb,2021,Guinea-Bissau,33.4
gnq,2022,Equatorial Guinea,38.5
grc,1995,Greece,36.5
grc,2000,Greece,34.4
grc,2002,Greece,35.5
grc,2003,Greece,32.8
grc,2004,Greece,33.6
grc,2005,Greece,34.6
grc,2006,Greece,35.1
grc,2007,Greece,34
grc,2008,Greece,33.6
grc,2009,Greece,33.6
grc,2010,Greece,34.1
grc,2011,Greece,34.8
grc,2012,Greece,36.3
grc,2013,Greece,36.1
grc,2014,Greece,35.8
grc,2015,Greece,36
grc,2016,Greece,35
grc,2017,Greece,34.4
grc,2018,Greece,32.9
grc,2019,Greece,33.1
grc,2020,Greece,33.6
grc,2021,Greece,32.9
grc,2022,Greece,33.4
grc,2023,Greece,33.4
grd,2018,Grenada,43.8
gtm,1986,Guatemala,54.1
gtm,1989,Guatemala,58.8
gtm,1998,Guatemala,49.4
gtm,2000,Guatemala,54.2
gtm,2006,Guatemala,54.5
gtm,2014,Guatemala,48.3
gtm,2023,Guatemala,45.2
guy,1992,Guyana,39.5
guy,1998,Guyana,45.1
hnd,1989,Honduras,55.4
hnd,1990,Honduras,55.9
hnd,1991,Honduras,51.8
hnd,1992,Honduras,51.8
hnd,1993,Honduras,53.4
hnd,1994,Honduras,55
hnd,1995,Honduras,55.5
hnd,1996,Honduras,55.7
hnd,1997,Honduras,52.7
hnd,1998,Honduras,57.3
hnd,1999,Honduras,55.2
hnd,2001,Honduras,55.4
hnd,2002,Honduras,55.7
hnd,2003,Honduras,58.1
hnd,2004,Honduras,58.1
hnd,2005,Honduras,59.5
hnd,2006,Honduras,57.5
hnd,2007,Honduras,55.8
hnd,2008,Honduras,55.5
hnd,2009,Honduras,51.3
hnd,2010,Honduras,53.1
hnd,2011,Honduras,52.6
hnd,2012,Honduras,53.4
hnd,2013,Honduras,50
hnd,2014,Honduras,49.9
hnd,2015,Honduras,49.2
hnd,2016,Honduras,49.8
hnd,2017,Honduras,49.4
hnd,2018,Honduras,48.9
hnd,2019,Honduras,48.2
hnd,2023,Honduras,46.8
hnd,2024,Honduras,45.7
hrv,1988,Croatia,22.8
hrv,1998,Croatia,28.7
hrv,1999,Croatia,27.6
hrv,2000,Croatia,31.3
hrv,2001,Croatia,31.1
hrv,2004,Croatia,29.7
hrv,2008,Croatia,33.7
hrv,2009,Croatia,32.6
hrv,2010,Croatia,32.4
hrv,2011,Croatia,32.3
hrv,2012,Croatia,32.5
hrv,2013,Croatia,32
hrv,2014,Croatia,32.1
hrv,2015,Croatia,31.1
hrv,2016,Croatia,30.9
hrv,2017,Croatia,30.4
hrv,2018,Croatia,29.7
hrv,2019,Croatia,28.9
hrv,2020,Croatia,29.5
hrv,2021,Croatia,28.9
hrv,2022,Croatia,30
hrv,2023,Croatia,30.1
hti,2001,Haiti,59
hti,2012,Haiti,41.1
hun,1987,Hungary,20.9
hun,1989,Hungary,25
hun,1991,Hungary,29.6
hun,1993,Hungary,27.9
hun,1994,Hungary,33.3
hun,1998,Hungary,26.4
hun,1999,Hungary,30.2
hun,2000,Hungary,27.2
hun,2001,Hungary,26.9
hun,2002,Hungary,26.8
hun,2003,Hungary,30.9
hun,2004,Hungary,29.9
hun,2005,Hungary,34.7
hun,2006,Hungary,28.3
hun,2007,Hungary,27.9
hun,2008,Hungary,27.5
hun,2009,Hungary,27
hun,2010,Hungary,29.4
hun,2011,Hungary,29.2
hun,2012,Hungary,30.8
hun,2013,Hungary,31.5
hun,2014,Hungary,30.9
hun,2015,Hungary,30.4
hun,2016,Hungary,30.3
hun,2017,Hungary,30.6
idn,1984,Indonesia,32.3
idn,1987,Indonesia,30.4
idn,1990,Indonesia,31.1
idn,1993,Indonesia,31.8
idn,1996,Indonesia,34.2
idn,1998,Indonesia,30.9
idn,1999,Indonesia,30.8
idn,2000,Indonesia,30.3
idn,2001,Indonesia,31.2
idn,2002,Indonesia,30.2
idn,2003,Indonesia,29.3
idn,2004,Indonesia,30.4
idn,2005,Indonesia,29.9
idn,2006,Indonesia,31.5
idn,2007,Indonesia,33.2
idn,2008,Indonesia,32.6
idn,2009,Indonesia,33.4
idn,2010,Indonesia,34.6
idn,2011,Indonesia,37.9
idn,2012,Indonesia,37.1
idn,2013,Indonesia,38.9
idn,2014,Indonesia,38.8
idn,2015,Indonesia,38.2
idn,2016,Indonesia,36.9
idn,2017,Indonesia,36.4
idn,2018,Indonesia,36.3
idn,2019,Indonesia,35.4
idn,2020,Indonesia,35.3
idn,2021,Indonesia,35.5
idn,2022,Indonesia,35.5
idn,2023,Indonesia,36.1
idn,2024,Indonesia,34.9
idn,2025,Indonesia,34.4
ind,1977,India,29.7
ind,1983,India,27.2
ind,1987,India,27.5
ind,1993,India,26.1
ind,2004,India,27.7
ind,2009,India,27.8
ind,2011,India,28.8
ind,2022,India,25.5
irl,1987,Ireland,35.5
irl,1994,Ireland,36.9
irl,1995,Ireland,37
irl,1996,Ireland,35.6
irl,2000,Ireland,33
irl,2002,Ireland,32.3
irl,2003,Ireland,32.9
irl,2004,Ireland,33.6
irl,2005,Ireland,33.8
irl,2006,Ireland,32.7
irl,2007,Ireland,31.9
irl,2008,Ireland,30.9
irl,2009,Ireland,32.7
irl,2010,Ireland,32.3
irl,2011,Ireland,32.9
irl,2012,Ireland,33.2
irl,2013,Ireland,33.5
irl,2014,Ireland,31.9
irl,2015,Ireland,31.8
irl,2016,Ireland,32.8
irl,2017,Ireland,31.4
irl,2018,Ireland,30.6
irl,2019,Ireland,30.3
irl,2020,Ireland,29.2
irl,2021,Ireland,29.4
irl,2022,Ireland,29.9
irl,2023,Ireland,29
irn,1986,Iran,47.4
irn,1990,Iran,43.6
irn,1994,Iran,43
irn,1998,Iran,44.1
irn,2005,Iran,43.6
irn,2006,Iran,44.8
irn,2009,Iran,42.1
irn,2011,Iran,34.7
irn,2012,Iran,34.4
irn,2013,Iran,34
irn,2014,Iran,34.8
irn,2015,Iran,35.3
irn,2016,Iran,35.9
irn,2017,Iran,36.7
irn,2018,Iran,37.4
irn,2019,Iran,36.5
irn,2020,Iran,35.8
irn,2021,Iran,35.5
irn,2022,Iran,34.8
irn,2023,Iran,35.9
irq,2006,Iraq,28.6
irq,2012,Iraq,29.5
irq,2023,Iraq,29.8
isl,2003,Iceland,26.8
isl,2004,Iceland,28
isl,2005,Iceland,29
isl,2006,Iceland,30.2
isl,2007,Iceland,29.5
isl,2008,Iceland,31.8
isl,2009,Iceland,28.7
isl,2010,Iceland,26.2
isl,2011,Iceland,26.8
isl,2012,Iceland,26.8
isl,2013,Iceland,25.4
isl,2014,Iceland,27.8
isl,2015,Iceland,26.8
isl,2016,Iceland,27.2
isl,2017,Iceland,26.1
isl,2018,Iceland,26.6
isl,2019,Iceland,26.8
isr,1979,Israel,36.3
isr,1986,Israel,36.5
isr,1992,Israel,35.5
isr,1997,Israel,38.1
isr,2001,Israel,38.9
isr,2002,Israel,39.6
isr,2003,Israel,40.7
isr,2004,Israel,41.5
isr,2005,Israel,42.3
isr,2006,Israel,41.6
isr,2007,Israel,41.1
isr,2008,Israel,41.6
isr,2009,Israel,42.6
isr,2010,Israel,42.6
isr,2011,Israel,41.5
isr,2012,Israel,41.3
isr,2013,Israel,39.9
isr,2014,Israel,39.8
isr,2015,Israel,39.7
isr,2016,Israel,39
isr,2017,Israel,38.2
isr,2018,Israel,38.6
isr,2019,Israel,38.3
isr,2020,Israel,37.8
isr,2021,Israel,37.9
isr,2022,Israel,38.3
ita,1977,Italy,34
ita,1978,Italy,33.3
ita,1979,Italy,33.3
ita,1980,Italy,32.9
ita,1981,Italy,31.6
ita,1982,Italy,29.2
ita,1983,Italy,29.8
ita,1984,Italy,31.3
ita,1986,Italy,31.2
ita,1987,Italy,34.2
ita,1989,Italy,32.1
ita,1991,Italy,31.1
ita,1993,Italy,35.1
ita,1995,Italy,35.2
ita,1998,Italy,36.7
ita,2000,Italy,35.2
ita,2002,Italy,34.7
ita,2003,Italy,34.9
ita,2004,Italy,34.3
ita,2005,Italy,33.8
ita,2006,Italy,33.7
ita,2007,Italy,32.9
ita,2008,Italy,33.8
ita,2009,Italy,33.8
ita,2010,Italy,34.7
ita,2011,Italy,35.1
ita,2012,Italy,35.2
ita,2013,Italy,34.9
ita,2014,Italy,34.7
ita,2015,Italy,35.4
ita,2016,Italy,35.2
ita,2017,Italy,35.9
ita,2018,Italy,35.2
ita,2019,Italy,34.6
ita,2020,Italy,35.2
ita,2021,Italy,34.8
ita,2022,Italy,33.7
ita,2023,Italy,34.3
jam,1988,Jamaica,43.2
jam,1990,Jamaica,41.1
jam,1993,Jamaica,35.7
jam,1996,Jamaica,40.4
jam,1999,Jamaica,44.1
jam,2002,Jamaica,48.3
jam,2004,Jamaica,45.5
jam,2018,Jamaica,35.3
jam,2021,Jamaica,39.9
jor,1986,Jordan,36.1
jor,1992,Jordan,43.1
jor,1997,Jordan,36.4
jor,2002,Jordan,37
jor,2006,Jordan,33.9
jor,2008,Jordan,32.6
jor,2010,Jordan,33.7
jpn,2008,Japan,34.6
jpn,2009,Japan,33
jpn,2010,Japan,31.5
jpn,2011,Japan,33
jpn,2012,Japan,32.5
jpn,2013,Japan,31.5
jpn,2014,Japan,31.3
jpn,2015,Japan,30.7
jpn,2016,Japan,31.8
jpn,2017,Japan,31.8
jpn,2018,Japan,32.9
jpn,2019,Japan,33
jpn,2020,Japan,32.3
kaz,1993,Kazakhstan,32.7
kaz,1996,Kazakhstan,35.4
kaz,2001,Kazakhstan,36
kaz,2002,Kazakhstan,34.8
kaz,2003,Kazakhstan,33.7
kaz,2004,Kazakhstan,31.8
kaz,2005,Kazakhstan,39.8
kaz,2006,Kazakhstan,30.2
kaz,2007,Kazakhstan,30.1
kaz,2008,Kazakhstan,28.5
kaz,2009,Kazakhstan,28.2
kaz,2010,Kazakhstan,28
kaz,2011,Kazakhstan,28
kaz,2012,Kazakhstan,28.2
kaz,2013,Kazakhstan,27.1
kaz,2014,Kazakhstan,27
kaz,2015,Kazakhstan,26.8
kaz,2016,Kazakhstan,27.2
kaz,2017,Kazakhstan,27.5
kaz,2018,Kazakhstan,27.8
kaz,2019,Kazakhstan,28
kaz,2020,Kazakhstan,28.7
kaz,2021,Kazakhstan,29.2
ken,1992,Kenya,56.9
ken,1994,Kenya,43.1
ken,1997,Kenya,45
ken,2005,Kenya,46.4
ken,2015,Kenya,40.8
ken,2020,Kenya,36.2
ken,2021,Kenya,38.7
ken,2022,Kenya,38.5
kgz,1998,Kyrgyz Republic,46.3
kgz,2000,Kyrgyz Republic,31
kgz,2001,Kyrgyz Republic,30.2
kgz,2002,Kyrgyz Republic,30.3
kgz,2003,Kyrgyz Republic,28.7
kgz,2004,Kyrgyz Republic,34.8
kgz,2005,Kyrgyz Republic,32.6
kgz,2006,Kyrgyz Republic,37.4
kgz,2007,Kyrgyz Republic,33.9
kgz,2008,Kyrgyz Republic,31.5
kgz,2009,Kyrgyz Republic,29.9
kgz,2010,Kyrgyz Republic,30.1
kgz,2011,Kyrgyz Republic,27.8
kgz,2012,Kyrgyz Republic,27.4
kgz,2013,Kyrgyz Republic,28.8
kgz,2014,Kyrgyz Republic,26.8
kgz,2015,Kyrgyz Republic,29
kgz,2016,Kyrgyz Republic,26.8
kgz,2017,Kyrgyz Republic,27.3
kgz,2018,Kyrgyz Republic,27.7
kgz,2019,Kyrgyz Republic,29.7
kgz,2020,Kyrgyz Republic,29
kgz,2021,Kyrgyz Republic,28.8
kgz,2022,Kyrgyz Republic,26.4
kgz,2023,Kyrgyz Republic,27.2
kgz,2024,Kyrgyz Republic,27.5
kir,2006,Kiribati,37
kir,2019,Kiribati,27.8
kir,2023,Kiribati,24.7
kor,2006,South Korea,31.7
kor,2008,South Korea,32.3
kor,2010,South Korea,32
kor,2012,South Korea,31.6
kor,2014,South Korea,31.2
kor,2016,South Korea,35.2
kor,2017,South Korea,34.9
kor,2018,South Korea,33.7
kor,2019,South Korea,33.2
kor,2020,South Korea,32.7
kor,2021,South Korea,32.9
lao,1992,Lao,34.3
lao,1997,Lao,34.9
lao,2002,Lao,32.6
lao,2007,Lao,35.4
lao,2012,Lao,36
lao,2018,Lao,38.8
lao,2024,Lao,34.7
lbn,2011,Lebanon,31.8
lbn,2022,Lebanon,35.5
lbr,2007,Liberia,36.4
lbr,2014,Liberia,33.2
lbr,2016,Liberia,35.3
lca,1995,St. Lucia,42.6
lca,2015,St. Lucia,43.7
lka,1985,Sri Lanka,32.5
lka,1990,Sri Lanka,32.4
lka,1995,Sri Lanka,35.4
lka,2002,Sri Lanka,40.2
lka,2006,Sri Lanka,39.7
lka,2009,Sri Lanka,36.1
lka,2012,Sri Lanka,38.7
lka,2016,Sri Lanka,39.3
lka,2019,Sri Lanka,37.7
lso,1986,Lesotho,56
lso,1994,Lesotho,63
lso,2002,Lesotho,51.2
lso,2017,Lesotho,44.9
ltu,1993,Lithuania,33.2
ltu,1996,Lithuania,32.3
ltu,1998,Lithuania,32.1
ltu,1999,Lithuania,32
ltu,2000,Lithuania,31.7
ltu,2001,Lithuania,32
ltu,2002,Lithuania,31.9
ltu,2003,Lithuania,35.5
ltu,2004,Lithuania,37
ltu,2005,Lithuania,35.3
ltu,2006,Lithuania,34.4
ltu,2007,Lithuania,34.8
ltu,2008,Lithuania,35.7
ltu,2009,Lithuania,37.2
ltu,2010,Lithuania,33.6
ltu,2011,Lithuania,32.5
ltu,2012,Lithuania,35.1
ltu,2013,Lithuania,35.3
ltu,2014,Lithuania,37.7
ltu,2015,Lithuania,37.4
ltu,2016,Lithuania,38.4
ltu,2017,Lithuania,37.3
ltu,2018,Lithuania,35.7
ltu,2019,Lithuania,35.3
ltu,2020,Lithuania,36
ltu,2021,Lithuania,36.7
ltu,2022,Lithuania,36.6
ltu,2023,Lithuania,36
lux,1985,Luxembourg,26.3
lux,1986,Luxembourg,28.1
lux,1987,Luxembourg,29.5
lux,1988,Luxembourg,28.8
lux,1989,Luxembourg,30.8
lux,1990,Luxembourg,27.7
lux,1991,Luxembourg,27.2
lux,1992,Luxembourg,27.3
lux,1993,Luxembourg,27
lux,1994,Luxembourg,28.2
lux,1995,Luxembourg,28.3
lux,1996,Luxembourg,29.1
lux,1997,Luxembourg,29.6
lux,1998,Luxembourg,30.6
lux,1999,Luxembourg,30.1
lux,2000,Luxembourg,30.1
lux,2001,Luxembourg,30.9
lux,2002,Luxembourg,31.1
lux,2003,Luxembourg,30.2
lux,2004,Luxembourg,30.2
lux,2005,Luxembourg,30.8
lux,2006,Luxembourg,30.9
lux,2007,Luxembourg,31.1
lux,2008,Luxembourg,32.6
lux,2009,Luxembourg,31.2
lux,2010,Luxembourg,30.5
lux,2011,Luxembourg,32.1
lux,2012,Luxembourg,34.3
lux,2013,Luxembourg,32
lux,2014,Luxembourg,31.2
lux,2015,Luxembourg,32.9
lux,2016,Luxembourg,31.7
lux,2017,Luxembourg,34.5
lux,2018,Luxembourg,35.4
lux,2019,Luxembourg,34.2
lux,2020,Luxembourg,33.4
lux,2021,Luxembourg,32.7
lux,2022,Luxembourg,34.1
lux,2023,Luxembourg,33.6
lva,1993,Latvia,27
lva,1995,Latvia,31
lva,1996,Latvia,31.6
lva,1997,Latvia,34.4
lva,1998,Latvia,33.3
lva,2002,Latvia,35.1
lva,2003,Latvia,36.5
lva,2004,Latvia,36.4
lva,2005,Latvia,39
lva,2006,Latvia,35.6
lva,2007,Latvia,37.5
lva,2008,Latvia,37.2
lva,2009,Latvia,35.9
lva,2010,Latvia,35
lva,2011,Latvia,35.8
lva,2012,Latvia,35.2
lva,2013,Latvia,35.5
lva,2014,Latvia,35.1
lva,2015,Latvia,34.2
lva,2016,Latvia,34.3
lva,2017,Latvia,35.6
lva,2018,Latvia,35.1
lva,2019,Latvia,34.5
lva,2020,Latvia,35.7
lva,2021,Latvia,34.3
lva,2022,Latvia,33.7
lva,2023,Latvia,34
mar,1984,Morocco,36.5
mar,1990,Morocco,39.2
mar,1998,Morocco,39.4
mar,2000,Morocco,40.6
mar,2006,Morocco,40.7
mar,2013,Morocco,39.5
mda,1997,Moldova,36.9
mda,1998,Moldova,39.5
mda,1999,Moldova,42.6
mda,2000,Moldova,36.4
mda,2001,Moldova,38
mda,2002,Moldova,35.8
mda,2003,Moldova,34.9
mda,2004,Moldova,35
mda,2005,Moldova,36.3
mda,2006,Moldova,35.4
mda,2007,Moldova,34.4
mda,2008,Moldova,34.7
mda,2009,Moldova,32.9
mda,2010,Moldova,32.1
mda,2011,Moldova,30.6
mda,2012,Moldova,29.2
mda,2013,Moldova,28.5
mda,2014,Moldova,26.8
mda,2015,Moldova,27
mda,2016,Moldova,26.3
mda,2017,Moldova,25.9
mda,2018,Moldova,25.7
mda,2019,Moldova,26
mda,2020,Moldova,25
mda,2021,Moldova,25.7
mda,2022,Moldova,25.9
mda,2023,Moldova,26.8
mdg,1980,Madagascar,46.8
mdg,1993,Madagascar,45.2
mdg,1997,Madagascar,39.4
mdg,1999,Madagascar,38.6
mdg,2001,Madagascar,47.4
mdg,2005,Madagascar,39.9
mdg,2010,Madagascar,42.4
mdg,2012,Madagascar,42.6
mdg,2021,Madagascar,36.8
mdv,2002,Maldives,41.3
mdv,2009,Maldives,38.4
mdv,2016,Maldives,31.3
mdv,2019,Maldives,29.3
mex,1984,Mexico,48.5
mex,1989,Mexico,50.1
mex,1992,Mexico,52.3
mex,1994,Mexico,53.4
mex,1996,Mexico,52
mex,1998,Mexico,53.3
mex,2000,Mexico,53.4
mex,2002,Mexico,50.6
mex,2004,Mexico,50.3
mex,2005,Mexico,50.9
mex,2006,Mexico,49.7
mex,2008,Mexico,50.8
mex,2010,Mexico,47.7
mex,2012,Mexico,49.6
mex,2014,Mexico,48.9
mex,2016,Mexico,46.9
mex,2018,Mexico,46
mex,2020,Mexico,44.6
mex,2022,Mexico,43.5
mex,2024,Mexico,42.6
mhl,2019,Marshall Islands,35.5
mkd,1998,North Macedonia,28.1
mkd,2000,North Macedonia,34.3
mkd,2002,North Macedonia,38.5
mkd,2003,North Macedonia,38.7
mkd,2004,North Macedonia,38.4
mkd,2005,North Macedonia,39.3
mkd,2006,North Macedonia,42.6
mkd,2008,North Macedonia,46.1
mkd,2009,North Macedonia,42.8
mkd,2010,North Macedonia,40.1
mkd,2011,North Macedonia,39.4
mkd,2012,North Macedonia,38.1
mkd,2013,North Macedonia,36.2
mkd,2014,North Macedonia,35.2
mkd,2015,North Macedonia,35.6
mkd,2016,North Macedonia,34.5
mkd,2017,North Macedonia,34.2
mkd,2018,North Macedonia,33
mkd,2019,North Macedonia,33.5
mli,1994,Mali,50.1
mli,2001,Mali,39.9
mli,2006,Mali,38.9
mli,2009,Mali,33
mli,2018,Mali,36
mli,2021,Mali,35.7
mlt,2006,Malta,28
mlt,2007,Malta,29.2
mlt,2008,Malta,29
mlt,2009,Malta,30.2
mlt,2010,Malta,29
mlt,2011,Malta,29.1
mlt,2012,Malta,29.4
mlt,2013,Malta,28.8
mlt,2014,Malta,29
mlt,2015,Malta,29.4
mlt,2016,Malta,29.1
mlt,2017,Malta,29.2
mlt,2018,Malta,28.7
mlt,2019,Malta,31
mlt,2020,Malta,31.4
mlt,2021,Malta,31.6
mlt,2022,Malta,34.6
mlt,2023,Malta,31.8
mmr,2015,Myanmar,38.1
mmr,2017,Myanmar,30.7
mne,2005,Montenegro,30.2
mne,2006,Montenegro,30
mne,2007,Montenegro,31.4
mne,2008,Montenegro,30.5
mne,2009,Montenegro,31
mne,2010,Montenegro,28.9
mne,2011,Montenegro,30.8
mne,2012,Montenegro,41.2
mne,2013,Montenegro,39
mne,2014,Montenegro,38.8
mne,2015,Montenegro,39
mne,2016,Montenegro,38.5
mne,2017,Montenegro,36.9
mne,2018,Montenegro,36.8
mne,2019,Montenegro,35.7
mne,2020,Montenegro,35.4
mne,2021,Montenegro,34.3
mng,1995,Mongolia,33.2
mng,1998,Mongolia,30.3
mng,2002,Mongolia,32.9
mng,2007,Mongolia,35.8
mng,2010,Mongolia,33.1
mng,2011,Mongolia,33.9
mng,2012,Mongolia,33.8
mng,2014,Mongolia,32
mng,2016,Mongolia,32.3
mng,2018,Mongolia,32.7
mng,2022,Mongolia,31.4
moz,1996,Mozambique,53.3
moz,2002,Mozambique,46.9
moz,2008,Mozambique,45.5
moz,2014,Mozambique,54
moz,2019,Mozambique,50.7
moz,2022,Mozambique,49.6
mrt,1987,Mauritania,43.9
mrt,1993,Mauritania,49.5
mrt,1995,Mauritania,37.7
mrt,2000,Mauritania,39
mrt,2004,Mauritania,40.2
mrt,2008,Mauritania,35.7
mrt,2014,Mauritania,32.6
mrt,2019,Mauritania,32
mus,2006,Mauritius,35.7
mus,2012,Mauritius,38.5
mus,2017,Mauritius,36.8
mwi,1997,Malawi,65.8
mwi,2004,Malawi,39.9
mwi,2010,Malawi,45.5
mwi,2016,Malawi,44.7
mwi,2019,Malawi,38.5
mys,1984,Malaysia,48.5
mys,1987,Malaysia,47
mys,1989,Malaysia,46.2
mys,1992,Malaysia,47.7
mys,1995,Malaysia,48.5
mys,1997,Malaysia,49.1
mys,2003,Malaysia,46.4
mys,2006,Malaysia,44.8
mys,2008,Malaysia,45.5
mys,2011,Malaysia,43.6
mys,2013,Malaysia,41.3
mys,2015,Malaysia,41.1
mys,2018,Malaysia,41.2
mys,2021,Malaysia,40.7
nam,1993,Namibia,71.1
nam,2003,Namibia,63.3
nam,2009,Namibia,61
nam,2015,Namibia,59.1
ner,1992,Niger,36
ner,1994,Niger,41.5
ner,2005,Niger,44.4
ner,2007,Niger,37.3
ner,2011,Niger,31.5
ner,2014,Niger,34.3
ner,2018,Niger,37.3
ner,2021,Niger,32.9
nga,1985,Nigeria,38.7
nga,1992,Nigeria,44.9
nga,1996,Nigeria,51.9
nga,2003,Nigeria,40.1
nga,2010,Nigeria,35.7
nga,2012,Nigeria,35.5
nga,2015,Nigeria,35.9
nga,2018,Nigeria,35.1
nga,2022,Nigeria,33.9
nic,1993,Nicaragua,57.1
nic,1998,Nicaragua,54.4
nic,2001,Nicaragua,52.9
nic,2005,Nicaragua,48.8
nic,2009,Nicaragua,43.9
nic,2014,Nicaragua,46.2
nld,1983,Netherlands,28.4
nld,1987,Netherlands,26.8
nld,1990,Netherlands,31.1
nld,1993,Netherlands,30.4
nld,1999,Netherlands,28.1
nld,2004,Netherlands,29.8
nld,2005,Netherlands,29
nld,2006,Netherlands,30
nld,2007,Netherlands,29.6
nld,2008,Netherlands,29.3
nld,2009,Netherlands,27.9
nld,2010,Netherlands,27.8
nld,2011,Netherlands,27.8
nld,2012,Netherlands,27.6
nld,2013,Netherlands,28.1
nld,2014,Netherlands,28.6
nld,2015,Netherlands,28.2
nld,2016,Netherlands,28.2
nld,2017,Netherlands,28.5
nld,2018,Netherlands,28.1
nld,2019,Netherlands,29.2
nld,2020,Netherlands,26
nld,2021,Netherlands,25.7
nor,1979,Norway,26.9
nor,1986,Norway,24.6
nor,1991,Norway,25.2
nor,1995,Norway,26
nor,2000,Norway,27.4
nor,2003,Norway,27.6
nor,2004,Norway,31.6
nor,2005,Norway,30.6
nor,2006,Norway,26.4
nor,2007,Norway,27.1
nor,2008,Norway,27
nor,2009,Norway,26.2
nor,2010,Norway,25.7
nor,2011,Norway,25.3
nor,2012,Norway,25.7
nor,2013,Norway,26.4
nor,2014,Norway,26.8
nor,2015,Norway,27.5
nor,2016,Norway,28.5
nor,2017,Norway,27
nor,2018,Norway,27.6
nor,2019,Norway,27.7
nor,2020,Norway,28.4
nor,2021,Norway,29.1
nor,2022,Norway,26.9
nor,2023,Norway,26.5
npl,1984,Nepal,30.1
npl,1995,Nepal,35.2
npl,2003,Nepal,43.8
npl,2010,Nepal,32.8
npl,2022,Nepal,30
nru,2012,Nauru,32.4
pak,1987,Pakistan,33.3
pak,1990,Pakistan,33.2
pak,1996,Pakistan,28.7
pak,1998,Pakistan,33.1
pak,2001,Pakistan,28.7
pak,2004,Pakistan,30.9
pak,2005,Pakistan,31.3
pak,2007,Pakistan,29.7
pak,2010,Pakistan,28.8
pak,2011,Pakistan,29.7
pak,2013,Pakistan,29.5
pak,2015,Pakistan,31.3
pak,2018,Pakistan,29.6
pak,2024,Pakistan,33.5
pan,1979,Panama,48.7
pan,1989,Panama,58.5
pan,1991,Panama,58
pan,1995,Panama,57.6
pan,1997,Panama,58.1
pan,1998,Panama,57.3
pan,1999,Panama,56.3
pan,2000,Panama,56.6
pan,2001,Panama,56.7
pan,2002,Panama,56.1
pan,2003,Panama,55.6
pan,2004,Panama,54.8
pan,2005,Panama,53.8
pan,2006,Panama,54.6
pan,2007,Panama,52.7
pan,2008,Panama,52.7
pan,2009,Panama,51.8
pan,2010,Panama,51.6
pan,2011,Panama,51.3
pan,2012,Panama,51.7
pan,2013,Panama,51.5
pan,2014,Panama,50.5
pan,2015,Panama,50.8
pan,2016,Panama,50.4
pan,2017,Panama,49.9
pan,2018,Panama,49.2
pan,2019,Panama,49.8
pan,2021,Panama,50.9
pan,2023,Panama,48.9
pan,2024,Panama,49.7
per,1985,Peru,45.6
per,1994,Peru,44
per,1997,Peru,53.3
per,1998,Peru,55.1
per,1999,Peru,54.8
per,2000,Peru,49.1
per,2001,Peru,51.3
per,2002,Peru,53.6
per,2003,Peru,53.1
per,2004,Peru,49.9
per,2005,Peru,50.4
per,2006,Peru,50.3
per,2007,Peru,50
per,2008,Peru,47.5
per,2009,Peru,47
per,2010,Peru,45.5
per,2011,Peru,44.7
per,2012,Peru,44.4
per,2013,Peru,43.9
per,2014,Peru,43.1
per,2015,Peru,43.4
per,2016,Peru,43.6
per,2017,Peru,43.3
per,2018,Peru,42.4
per,2019,Peru,41.5
per,2020,Peru,43.7
per,2021,Peru,40.1
per,2022,Peru,40.3
per,2023,Peru,40.7
per,2024,Peru,40.1
phl,1985,Philippines,41
phl,1988,Philippines,40.7
phl,1991,Philippines,43.8
phl,1994,Philippines,42.9
phl,1997,Philippines,46
phl,2000,Philippines,47.7
phl,2003,Philippines,46.6
phl,2006,Philippines,47.2
phl,2009,Philippines,46.3
phl,2012,Philippines,46.5
phl,2015,Philippines,44.6
phl,2018,Philippines,42.3
phl,2021,Philippines,40.7
phl,2023,Philippines,39.3
png,1996,Papua New Guinea,45.8
png,2009,Papua New Guinea,41.9
pol,1985,Poland,25.1
pol,1986,Poland,28
pol,1987,Poland,25.5
pol,1989,Poland,26.8
pol,1992,Poland,29.3
pol,1993,Poland,26.7
pol,1995,Poland,34.6
pol,1996,Poland,32.6
pol,1998,Poland,32.3
pol,1999,Poland,32.3
pol,2000,Poland,33
pol,2001,Poland,32.8
pol,2002,Poland,34.1
pol,2003,Poland,34.9
pol,2004,Poland,38
pol,2005,Poland,35.8
pol,2006,Poland,34.7
pol,2007,Poland,34
pol,2008,Poland,33.5
pol,2009,Poland,33.4
pol,2010,Poland,33.2
pol,2011,Poland,33.2
pol,2012,Poland,33
pol,2013,Poland,33.1
pol,2014,Poland,32.8
pol,2015,Poland,31.8
pol,2016,Poland,31.2
pol,2017,Poland,29.7
pol,2018,Poland,30.2
pol,2019,Poland,28.8
pol,2020,Poland,28.5
pol,2021,Poland,28.5
pol,2022,Poland,28.9
pol,2023,Poland,28.5
prt,2003,Portugal,38.8
prt,2004,Portugal,38.9
prt,2005,Portugal,38.5
prt,2006,Portugal,38.1
prt,2007,Portugal,36.8
prt,2008,Portugal,36.6
prt,2009,Portugal,34.9
prt,2010,Portugal,35.8
prt,2011,Portugal,36.3
prt,2012,Portugal,36
prt,2013,Portugal,36.2
prt,2014,Portugal,35.6
prt,2015,Portugal,35.5
prt,2016,Portugal,35.2
prt,2017,Portugal,33.8
prt,2018,Portugal,33.5
prt,2019,Portugal,32.8
prt,2020,Portugal,34.7
prt,2021,Portugal,34.6
prt,2022,Portugal,36.3
prt,2023,Portugal,33.9
pry,1990,Paraguay,40.8
pry,1995,Paraguay,58.1
pry,1997,Paraguay,54.9
pry,1999,Paraguay,54.6
pry,2001,Paraguay,54.6
pry,2002,Paraguay,57.3
pry,2003,Paraguay,54.9
pry,2004,Paraguay,52.3
pry,2005,Paraguay,51.4
pry,2006,Paraguay,53
pry,2007,Paraguay,53
pry,2008,Paraguay,50.7
pry,2009,Paraguay,49.1
pry,2010,Paraguay,51
pry,2011,Paraguay,52.3
pry,2012,Paraguay,47.6
pry,2013,Paraguay,47.9
pry,2014,Paraguay,50.7
pry,2015,Paraguay,47.6
pry,2016,Paraguay,47.9
pry,2017,Paraguay,48.5
pry,2018,Paraguay,46
pry,2019,Paraguay,45.7
pry,2020,Paraguay,43.5
pry,2021,Paraguay,42.9
pry,2022,Paraguay,44.6
pry,2023,Paraguay,44.2
pry,2024,Paraguay,44.2
pse,2004,Palestine,34
pse,2005,Palestine,34.7
pse,2006,Palestine,34
pse,2007,Palestine,35.6
pse,2009,Palestine,34.5
pse,2010,Palestine,35.3
pse,2011,Palestine,34.4
pse,2016,Palestine,33.7
pse,2023,Palestine,36.4
qat,2017,Qatar,35.1
rou,1989,Romania,23.3
rou,1992,Romania,25.5
rou,1994,Romania,28.2
rou,1995,Romania,31.2
rou,1997,Romania,30.5
rou,1998,Romania,31.1
rou,1999,Romania,29.4
rou,2000,Romania,29.3
rou,2001,Romania,29.4
rou,2002,Romania,30.2
rou,2003,Romania,29.9
rou,2004,Romania,30
rou,2005,Romania,29.8
rou,2006,Romania,39.6
rou,2007,Romania,37.5
rou,2008,Romania,36.4
rou,2009,Romania,35.6
rou,2010,Romania,35.5
rou,2011,Romania,35.9
rou,2012,Romania,36.5
rou,2013,Romania,36.9
rou,2014,Romania,36
rou,2015,Romania,35.9
rou,2016,Romania,34.4
rou,2017,Romania,36
rou,2018,Romania,35.8
rou,2019,Romania,34.8
rou,2020,Romania,34.6
rou,2021,Romania,33.9
rou,2022,Romania,32.3
rou,2023,Romania,29.8
rus,1993,Russia,45.4
rus,1996,Russia,46.1
rus,1997,Russia,38.4
rus,1998,Russia,38.1
rus,1999,Russia,37.4
rus,2000,Russia,37.1
rus,2001,Russia,36.9
rus,2002,Russia,37.3
rus,2003,Russia,40
rus,2004,Russia,40.3
rus,2005,Russia,41.3
rus,2006,Russia,41
rus,2007,Russia,42.3
rus,2008,Russia,41.6
rus,2009,Russia,39.8
rus,2010,Russia,39.5
rus,2011,Russia,39.7
rus,2012,Russia,40.7
rus,2013,Russia,40.9
rus,2014,Russia,36.9
rus,2015,Russia,36.5
rus,2016,Russia,36.7
rus,2017,Russia,35.5
rus,2018,Russia,35.3
rus,2019,Russia,35.7
rus,2020,Russia,33.7
rus,2021,Russia,35.1
rus,2022,Russia,33.9
rus,2023,Russia,33
rwa,2000,Rwanda,48.5
rwa,2005,Rwanda,52
rwa,2010,Rwanda,47.2
rwa,2013,Rwanda,45.1
rwa,2016,Rwanda,43.7
rwa,2023,Rwanda,39.4
sdn,2009,Sudan,35.4
sdn,2014,Sudan,34.2
sen,1991,Senegal,54
sen,1994,Senegal,39.2
sen,2001,Senegal,41.2
sen,2005,Senegal,39.2
sen,2011,Senegal,40.3
sen,2018,Senegal,38.3
sen,2021,Senegal,36.2
slb,2005,Solomon Islands,46.1
slb,2012,Solomon Islands,37.1
sle,2003,Sierra Leone,40.2
sle,2011,Sierra Leone,34
sle,2018,Sierra Leone,35.7
slv,1989,El Salvador,48.7
slv,1991,El Salvador,53.8
slv,1995,El Salvador,49.8
slv,1996,El Salvador,51
slv,1998,El Salvador,54.4
slv,1999,El Salvador,52.1
slv,2000,El Salvador,51.5
slv,2001,El Salvador,51.3
slv,2002,El Salvador,51.9
slv,2003,El Salvador,50.4
slv,2004,El Salvador,47.8
slv,2005,El Salvador,48.5
slv,2006,El Salvador,45.7
slv,2007,El Salvador,45.2
slv,2008,El Salvador,46.9
slv,2009,El Salvador,45.8
slv,2010,El Salvador,43.5
slv,2011,El Salvador,42.3
slv,2012,El Salvador,41.8
slv,2013,El Salvador,43.4
slv,2014,El Salvador,41.6
slv,2015,El Salvador,40.6
slv,2016,El Salvador,40
slv,2017,El Salvador,38
slv,2018,El Salvador,38.6
slv,2019,El Salvador,38.8
slv,2021,El Salvador,39
slv,2022,El Salvador,38.8
slv,2023,El Salvador,39.8
srb,2002,Serbia,32.7
srb,2003,Serbia,32.8
srb,2004,Serbia,35.5
srb,2005,Serbia,36.5
srb,2006,Serbia,29.7
srb,2007,Serbia,28.7
srb,2008,Serbia,27.6
srb,2009,Serbia,28
srb,2010,Serbia,29
srb,2012,Serbia,39.9
srb,2013,Serbia,39.4
srb,2014,Serbia,40.4
srb,2015,Serbia,40.5
srb,2016,Serbia,38.8
srb,2017,Serbia,36.1
srb,2018,Serbia,35
srb,2019,Serbia,34.5
srb,2020,Serbia,35
srb,2021,Serbia,33.1
srb,2022,Serbia,32.8
srb,2023,Serbia,32.8
ssd,2009,South Sudan,46.3
ssd,2016,South Sudan,44
stp,2000,Sao Tome and Principe,32.1
stp,2010,Sao Tome and Principe,30.8
stp,2017,Sao Tome and Principe,40.7
sur,1999,Suriname,57.5
sur,2022,Suriname,39.2
svk,1992,Slovak Republic,20.2
svk,1996,Slovak Republic,26.3
svk,2004,Slovak Republic,27.1
svk,2005,Slovak Republic,29.3
svk,2006,Slovak Republic,25.8
svk,2007,Slovak Republic,24.7
svk,2008,Slovak Republic,26
svk,2009,Slovak Republic,27.2
svk,2010,Slovak Republic,27.3
svk,2011,Slovak Republic,26.5
svk,2012,Slovak Republic,26.1
svk,2013,Slovak Republic,28.1
svk,2014,Slovak Republic,26.1
svk,2015,Slovak Republic,26.5
svk,2016,Slovak Republic,25.2
svk,2017,Slovak Republic,23.2
svk,2018,Slovak Republic,25
svk,2019,Slovak Republic,23.2
svk,2020,Slovak Republic,24.2
svk,2021,Slovak Republic,24.1
svk,2022,Slovak Republic,24.1
svk,2023,Slovak Republic,23.8
svn,1987,Slovenia,23.6
svn,1993,Slovenia,29.1
svn,1997,Slovenia,24.1
svn,1998,Slovenia,28.4
svn,1999,Slovenia,24
svn,2002,Slovenia,29.1
svn,2003,Slovenia,30.9
svn,2004,Slovenia,24.8
svn,2005,Slovenia,24.6
svn,2006,Slovenia,24.4
svn,2007,Slovenia,24.4
svn,2008,Slovenia,23.7
svn,2009,Slovenia,24.8
svn,2010,Slovenia,24.9
svn,2011,Slovenia,24.9
svn,2012,Slovenia,25.6
svn,2013,Slovenia,26.2
svn,2014,Slovenia,25.7
svn,2015,Slovenia,25.4
svn,2016,Slovenia,24.8
svn,2017,Slovenia,24.2
svn,2018,Slovenia,24.6
svn,2019,Slovenia,24.4
svn,2020,Slovenia,24
svn,2021,Slovenia,24.3
svn,2022,Slovenia,24.3
svn,2023,Slovenia,24.7
swe,1975,Sweden,24.3
swe,1981,Sweden,22.9
swe,1987,Sweden,23.1
swe,1992,Sweden,24.9
swe,1995,Sweden,25.2
swe,2000,Sweden,27
swe,2001,Sweden,26.5
swe,2002,Sweden,26.2
swe,2003,Sweden,25.3
swe,2004,Sweden,26.1
swe,2005,Sweden,26.8
swe,2006,Sweden,26.4
swe,2007,Sweden,27.1
swe,2008,Sweden,28.1
swe,2009,Sweden,27.3
swe,2010,Sweden,27.7
swe,2011,Sweden,27.6
swe,2012,Sweden,27.6
swe,2013,Sweden,28.8
swe,2014,Sweden,28.4
swe,2015,Sweden,29.2
swe,2016,Sweden,29.6
swe,2017,Sweden,28.8
swe,2018,Sweden,30
swe,2019,Sweden,29.3
swe,2020,Sweden,28.9
swe,2021,Sweden,29.8
swe,2022,Sweden,31.6
swe,2023,Sweden,29.3
swz,1994,Eswatini,58.7
swz,2000,Eswatini,53.1
swz,2009,Eswatini,51.4
swz,2016,Eswatini,54.6
syc,1999,Seychelles,42.8
syc,2006,Seychelles,42.8
syc,2013,Seychelles,46.8
syc,2018,Seychelles,32.1
syr,1996,Syria,35.2
syr,2003,Syria,37.5
syr,2006,Syria,40.1
syr,2009,Syria,40.4
syr,2022,Syria,26.4
tcd,2003,Chad,39.8
tcd,2011,Chad,43.3
tcd,2018,Chad,37.5
tcd,2022,Chad,37.4
tgo,2006,Togo,42.2
tgo,2011,Togo,46
tgo,2015,Togo,43
tgo,2018,Togo,42.5
tgo,2021,Togo,37.9
tha,1981,Thailand,45.2
tha,1988,Thailand,43.8
tha,1990,Thailand,45.3
tha,1992,Thailand,47.9
tha,1994,Thailand,43.5
tha,1996,Thailand,42.9
tha,1998,Thailand,41.5
tha,1999,Thailand,43.1
tha,2000,Thailand,42.8
tha,2002,Thailand,41.9
tha,2004,Thailand,42.5
tha,2006,Thailand,41.8
tha,2007,Thailand,39.8
tha,2008,Thailand,40.3
tha,2009,Thailand,39.6
tha,2010,Thailand,39.4
tha,2011,Thailand,37.5
tha,2012,Thailand,39.3
tha,2013,Thailand,37.8
tha,2014,Thailand,37
tha,2015,Thailand,36
tha,2016,Thailand,36.7
tha,2017,Thailand,36.4
tha,2018,Thailand,36.4
tha,2019,Thailand,34.9
tha,2020,Thailand,35
tha,2021,Thailand,34.9
tha,2022,Thailand,34.3
tha,2023,Thailand,33.5
tha,2024,Thailand,33.3
tjk,1999,Tajikistan,29.5
tjk,2003,Tajikistan,32.7
tjk,2004,Tajikistan,33.6
tjk,2007,Tajikistan,32.2
tjk,2009,Tajikistan,30.8
tjk,2015,Tajikistan,34
tjk,2021,Tajikistan,32.4
tjk,2022,Tajikistan,39.5
tjk,2023,Tajikistan,38
tjk,2024,Tajikistan,36.1
tkm,1998,Turkmenistan,40.8
tls,2001,Timor-Leste,35.9
tls,2007,Timor-Leste,27.8
tls,2014,Timor-Leste,28.7
ton,2000,Tonga,37.7
ton,2009,Tonga,37.5
ton,2015,Tonga,33.5
ton,2021,Tonga,27.1
tto,1988,Trinidad and Tobago,42.6
tto,1992,Trinidad and Tobago,40.2
tun,1985,Tunisia,43.4
tun,1990,Tunisia,40.1
tun,1995,Tunisia,41.7
tun,2000,Tunisia,40.8
tun,2005,Tunisia,37.7
tun,2010,Tunisia,38.5
tun,2015,Tunisia,32.8
tun,2021,Tunisia,33.7
tur,1987,Turkey,41
tur,1994,Turkey,41.3
tur,2002,Turkey,41.4
tur,2003,Turkey,42.2
tur,2004,Turkey,41.3
tur,2005,Turkey,42.6
tur,2006,Turkey,39.6
tur,2007,Turkey,38.4
tur,2008,Turkey,39
tur,2009,Turkey,39
tur,2010,Turkey,38.8
tur,2011,Turkey,40
tur,2012,Turkey,40.2
tur,2013,Turkey,40.2
tur,2014,Turkey,41.2
tur,2015,Turkey,42.9
tur,2016,Turkey,41.9
tur,2017,Turkey,43.5
tur,2018,Turkey,42.4
tur,2019,Turkey,43.8
tur,2020,Turkey,43
tur,2021,Turkey,44.4
tur,2022,Turkey,44.5
tur,2023,Turkey,43.7
tuv,2010,Tuvalu,39.1
tza,1991,Tanzania,35.3
tza,2000,Tanzania,37.3
tza,2007,Tanzania,40.3
tza,2011,Tanzania,37.8
tza,2018,Tanzania,40.5
uga,1989,Uganda,44.4
uga,1992,Uganda,41.4
uga,1996,Uganda,39
uga,1999,Uganda,43
uga,2002,Uganda,45.2
uga,2005,Uganda,42.9
uga,2009,Uganda,44.2
uga,2012,Uganda,41
uga,2016,Uganda,42.8
uga,2019,Uganda,42.7
ukr,1992,Ukraine,29.7
ukr,1993,Ukraine,28.9
ukr,1995,Ukraine,39.2
ukr,1996,Ukraine,35.2
ukr,1999,Ukraine,28.9
ukr,2002,Ukraine,29
ukr,2003,Ukraine,28.7
ukr,2004,Ukraine,28.9
ukr,2005,Ukraine,29
ukr,2006,Ukraine,29.8
ukr,2007,Ukraine,27
ukr,2008,Ukraine,26.6
ukr,2009,Ukraine,25.3
ukr,2010,Ukraine,24.8
ukr,2011,Ukraine,24.6
ukr,2012,Ukraine,24.7
ukr,2013,Ukraine,24.6
ukr,2014,Ukraine,24
ukr,2015,Ukraine,25.5
ukr,2016,Ukraine,25
ukr,2017,Ukraine,26
ukr,2018,Ukraine,26.1
ukr,2019,Ukraine,26.6
ukr,2020,Ukraine,25.6
ury,1981,Uruguay,43.6
ury,1989,Uruguay,42.4
ury,1992,Uruguay,41.5
ury,1995,Uruguay,40.9
ury,1996,Uruguay,40.8
ury,1997,Uruguay,41.5
ury,1998,Uruguay,42.5
ury,2000,Uruguay,43.4
ury,2001,Uruguay,45
ury,2002,Uruguay,45.5
ury,2003,Uruguay,45
ury,2004,Uruguay,45.9
ury,2005,Uruguay,44.7
ury,2006,Uruguay,45.9
ury,2007,Uruguay,46.4
ury,2008,Uruguay,45.1
ury,2009,Uruguay,45.5
ury,2010,Uruguay,44.5
ury,2011,Uruguay,42.2
ury,2012,Uruguay,39.9
ury,2013,Uruguay,40.5
ury,2014,Uruguay,40.1
ury,2015,Uruguay,40.1
ury,2016,Uruguay,39.7
ury,2017,Uruguay,39.5
ury,2018,Uruguay,39.7
ury,2019,Uruguay,39.7
ury,2020,Uruguay,40.2
ury,2021,Uruguay,40.8
ury,2022,Uruguay,40.6
ury,2023,Uruguay,40.9
ury,2024,Uruguay,40
usa,1963,USA,36.7
usa,1964,USA,37.4
usa,1965,USA,36.8
usa,1966,USA,37.1
usa,1967,USA,36.9
usa,1968,USA,36.3
usa,1969,USA,36
usa,1970,USA,36.6
usa,1971,USA,36.9
usa,1972,USA,36.7
usa,1973,USA,36.1
usa,1974,USA,35.5
usa,1975,USA,35.7
usa,1976,USA,35.6
usa,1977,USA,35.5
usa,1978,USA,34.8
usa,1979,USA,34.8
usa,1980,USA,34.7
usa,1981,USA,35.5
usa,1982,USA,36.7
usa,1983,USA,37.3
usa,1984,USA,37.3
usa,1985,USA,37.6
usa,1986,USA,37.6
usa,1987,USA,37.2
usa,1988,USA,37.7
usa,1989,USA,38.2
usa,1990,USA,38.3
usa,1991,USA,38
usa,1992,USA,38.4
usa,1993,USA,40.4
usa,1994,USA,40
usa,1995,USA,39.9
usa,1996,USA,40.3
usa,1997,USA,40.5
usa,1998,USA,40
usa,1999,USA,40
usa,2000,USA,40.1
usa,2001,USA,40.6
usa,2002,USA,40.4
usa,2003,USA,40.8
usa,2004,USA,40.5
usa,2005,USA,41.3
usa,2006,USA,41.7
usa,2007,USA,41.1
usa,2008,USA,41.1
usa,2009,USA,40.9
usa,2010,USA,40.2
usa,2011,USA,41.2
usa,2012,USA,41.2
usa,2013,USA,40.9
usa,2014,USA,41.7
usa,2015,USA,41.5
usa,2016,USA,41.3
usa,2017,USA,41.4
usa,2018,USA,41.8
usa,2019,USA,41.9
usa,2020,USA,40
usa,2021,USA,39.7
usa,2022,USA,41.7
usa,2023,USA,41.8
usa,2024,USA,41.8
uzb,1998,Uzbekistan,44.1
uzb,2000,Uzbekistan,35.9
uzb,2002,Uzbekistan,33
uzb,2003,Uzbekistan,35.2
uzb,2021,Uzbekistan,32.9
uzb,2022,Uzbekistan,31.2
uzb,2023,Uzbekistan,34.5
uzb,2024,Uzbekistan,34.6
uzb,2025,Uzbekistan,32.7
ven,1981,Venezuela,55.6
ven,1987,Venezuela,53.4
ven,1989,Venezuela,43.8
ven,1992,Venezuela,42.1
ven,1995,Venezuela,47.2
ven,1998,Venezuela,48
ven,1999,Venezuela,47.7
ven,2001,Venezuela,47.2
ven,2002,Venezuela,48.9
ven,2003,Venezuela,47.9
ven,2004,Venezuela,47.3
ven,2005,Venezuela,49.3
ven,2006,Venezuela,44.7
vnm,1992,Vietnam,35.7
vnm,1997,Vietnam,35.4
vnm,2002,Vietnam,37
vnm,2004,Vietnam,36.8
vnm,2006,Vietnam,35.8
vnm,2008,Vietnam,35.6
vnm,2010,Vietnam,39.3
vnm,2012,Vietnam,35.6
vnm,2014,Vietnam,34.8
vnm,2016,Vietnam,35.3
vnm,2018,Vietnam,35.7
vnm,2020,Vietnam,36.8
vnm,2022,Vietnam,36.1
vut,2010,Vanuatu,37.4
vut,2019,Vanuatu,32.3
wsm,2002,Samoa,40.7
wsm,2008,Samoa,42
wsm,2013,Samoa,38.7
yem,1998,Yemen,35
yem,2005,Yemen,34.7
yem,2014,Yemen,36.7
zaf,1993,South Africa,59.3
zaf,2000,South Africa,57.8
zaf,2005,South Africa,65
zaf,2008,South Africa,62.5
zaf,2010,South Africa,60.9
zaf,2014,South Africa,59.6
zaf,2022,South Africa,54.1
zmb,1991,Zambia,59.4
zmb,1993,Zambia,52.6
zmb,1996,Zambia,48.3
zmb,1998,Zambia,49.1
zmb,2002,Zambia,42.1
zmb,2004,Zambia,54.3
zmb,2006,Zambia,54.6
zmb,2010,Zambia,52
zmb,2015,Zambia,55.8
zmb,2022,Zambia,51.5
zwe,2011,Zimbabwe,43.2
zwe,2017,Zimbabwe,44.3
zwe,2019,Zimbabwe,50.3
